year,date,memo_title,url,ingestion_status,source_id,job_id,documents_created,chunks,embeddings,failure_category,error,ingested_at
2026,Apr 9 2026,What's Going on in Private Credit?,https://www.oaktreecapital.com/insights/memo/whats-going-on-in-private-credit,success,add9dd36-ba04-458b-b9f0-2a5a1f16074f,4b1e33fb-c737-4bf8-810a-af8df2dca81a,1,24,24,,,2026-06-03T03:44:35.501631+00:00
2026,Feb 26 2026,AI Hurtles Ahead,https://www.oaktreecapital.com/insights/memo/ai-hurtles-ahead,success,cd29ea8f-f994-40ab-8167-dde63145a91a,a37d4e4b-bba4-4b5a-9cd3-37eac05500ac,1,25,25,,,2026-06-03T03:44:37.375501+00:00
2025,Dec 9 2025,Is It a Bubble?,https://www.oaktreecapital.com/insights/memo/is-it-a-bubble,success,459941bd-8ca3-46df-93b7-ac0db07be441,ef651d00-282d-4053-84f1-1e171f64c2a5,1,36,36,,,2026-06-03T03:44:40.735685+00:00
2025,Nov 6 2025,Cockroaches in the Coal Mine,https://www.oaktreecapital.com/insights/memo/cockroaches-in-the-coal-mine,success,6b6c91f4-ddd1-44ef-9ff3-d5b1c27a585f,fd30ff9a-c0ad-431f-968f-9506cc168b16,1,15,15,,,2026-06-03T03:44:42.197110+00:00
2025,Oct 28 2025,A Look Under the Hood,https://www.oaktreecapital.com/insights/memo/a-look-under-the-hood,success,82d86778-b211-444b-bbe9-2b4e8886c226,716da0d3-ba39-4f6a-ac3d-9b10d72d94c2,1,16,16,,,2026-06-03T03:44:43.951440+00:00
2025,Aug 14 2025,The Calculus of Value,https://www.oaktreecapital.com/insights/memo/the-calculus-of-value,success,34f5bd5e-4ce1-42d4-93ea-75b4f6891e20,813fa168-0cd2-48d3-a987-888637148014,1,23,23,,,2026-06-03T03:44:45.756080+00:00
2025,Jun 18 2025,More on Repealing the Laws of Economics,https://www.oaktreecapital.com/insights/memo/more-on-repealing-the-laws-of-economics,success,de265ad2-5013-443e-b289-55d7a7677bab,3d4df46d-23ce-4dcb-90dc-f6490576e379,1,21,21,,,2026-06-03T03:44:47.049116+00:00
2025,Apr 9 2025,Nobody Knows (Yet Again),https://www.oaktreecapital.com/insights/memo/nobody-knows-yet-again,success,29cc67de-4592-4919-a340-41ffc7139197,c8993f0d-3728-407c-972b-afc7866abd52,1,20,20,,,2026-06-03T03:44:48.533778+00:00
2025,Mar 6 2025,Gimme Credit,https://www.oaktreecapital.com/insights/memo/gimme-credit,success,cd3d8eac-08e3-4394-9dd8-0604c704b873,09ea9bfa-9481-4426-9129-813589704f2b,1,18,18,,,2026-06-03T03:44:50.391745+00:00
2025,Jan 7 2025,On Bubble Watch,https://www.oaktreecapital.com/insights/memo/on-bubble-watch,success,cf7999a0-8a42-4bd1-b3bb-9a95fa26a080,d822578a-cb20-459d-a099-fd383744446f,1,22,22,,,2026-06-03T03:44:51.774502+00:00
2024,Oct 22 2024,Ruminating on Asset Allocation,https://www.oaktreecapital.com/insights/memo/ruminating-on-asset-allocation,success,7d1081c4-878e-4df3-9707-5a1c98cbff8d,55a054d6-1163-4849-a51b-69b5f26cb04c,1,15,15,,,2026-06-03T03:44:53.948260+00:00
2024,Sep 19 2024,Shall We Repeal the Laws of Economics?,https://www.oaktreecapital.com/insights/memo/shall-we-repeal-the-laws-of-economics,success,97040ada-c6a5-4a48-a62a-d5b7f2de8400,c4f13872-fd48-4e20-8b52-c7c3fe35327d,1,30,30,,,2026-06-03T03:44:55.862628+00:00
2024,Aug 22 2024,Mr. Market Miscalculates,https://www.oaktreecapital.com/insights/memo/mr-market-miscalculates,success,d2db6035-8a87-4632-b087-92afcf9fcf12,851e5c4d-9ca2-4a66-a525-61c99cfb8575,1,15,15,,,2026-06-03T03:44:57.958258+00:00
2024,Jul 17 2024,The Folly of Certainty,https://www.oaktreecapital.com/insights/memo/the-folly-of-certainty,success,d69e0195-fa52-4ff8-9192-37fe421b0330,c1fbc5b1-ed55-4414-a6ca-f265998c26ed,1,12,12,,,2026-06-03T03:44:59.165028+00:00
2024,May 8 2024,The Impact of Debt,https://www.oaktreecapital.com/insights/memo/the-impact-of-debt,success,b440c72b-4d64-4b95-ad0a-fd3dba363001,49e3a20d-e965-4928-97f8-7924b3536bde,1,10,10,,,2026-06-03T03:45:00.581923+00:00
2024,Apr 17 2024,The Indispensability of Risk,https://www.oaktreecapital.com/insights/memo/the-indispensability-of-risk,success,f700a051-185d-47e2-85cb-0fedd91cadb8,d42c91f3-a2e5-486e-9f09-eb4fcc63e84e,1,8,8,,,2026-06-03T03:45:02.415344+00:00
2024,Jan 9 2024,Easy Money,https://www.oaktreecapital.com/insights/memo/easy-money,success,8284736c-1da5-4f8d-9c36-2e4b8becc9ab,ee410700-4af6-4420-91b2-d49545ccfbf4,1,31,31,,,2026-06-03T03:45:04.664803+00:00
2023,Oct 11 2023,Further Thoughts on Sea Change,https://www.oaktreecapital.com/insights/memo/further-thoughts-on-sea-change,success,8239e1b1-594e-44bd-a627-1c49529d47ab,6ce6b96a-ad3b-4ae3-a41b-266bd086dc8d,1,19,19,,,2026-06-03T03:45:06.766830+00:00
2023,Sep 12 2023,Fewer Losers or More Winners?,https://www.oaktreecapital.com/insights/memo/fewer-losers-or-more-winners,success,60ccf1a5-13f7-4737-a331-c46a145dbdf6,de1eaac0-6dba-4d99-8044-d9b91c812f9b,1,22,22,,,2026-06-03T03:45:08.272451+00:00
2023,Jul 10 2023,Taking the Temperature,https://www.oaktreecapital.com/insights/memo/taking-the-temperature,success,fc60c62a-e36d-4aef-88f7-9afa8a2627e4,11595cdd-21a7-4423-b595-64a766d1a3a9,1,29,29,,,2026-06-03T03:45:11.030283+00:00
2023,Apr 17 2023,Lessons from Silicon Valley Bank,https://www.oaktreecapital.com/insights/memo/lessons-from-silicon-valley-bank,success,e1a0961f-a216-4732-bdd2-33f00dcfdebb,bdc4017d-d080-4bad-9290-6603fd393447,1,25,25,,,2026-06-03T03:45:12.841883+00:00
2022,Dec 13 2022,Sea Change,https://www.oaktreecapital.com/insights/memo/sea-change,success,fccc584c-9b2b-469f-b5e5-94a7384b58fb,6a3a3269-0265-41b5-aa6c-152620b2f22d,1,21,21,,,2026-06-03T03:45:14.491227+00:00
2022,Nov 22 2022,What Really Matters?,https://www.oaktreecapital.com/insights/memo/what-really-matters,success,c82bbd38-2b85-45da-8683-a106e88b05e9,dfb3f2eb-0f0b-4aa4-b3ec-75dc661bf17f,1,30,30,,,2026-06-03T03:45:16.342955+00:00
2022,Sep 8 2022,The Illusion of Knowledge,https://www.oaktreecapital.com/insights/memo/the-illusion-of-knowledge,success,3e7c822f-cb35-4e3b-a055-cfdb9b27c528,239f058a-f477-4ad1-ad85-607148a865ff,1,30,30,,,2026-06-03T03:45:17.787440+00:00
2022,Jul 26 2022,I Beg to Differ,https://www.oaktreecapital.com/insights/memo/i-beg-to-differ,success,c68fe9a3-d41a-43d9-9eaa-0dd552920824,b1904e12-7ddb-4155-8d8c-de4d83f918b3,1,26,26,,,2026-06-03T03:45:19.984826+00:00
2022,Jun 23 2022,Conversation at Panmure House,https://www.oaktreecapital.com/insights/memo/conversation-at-panmure-house,success,1dbca3f3-f4d6-4f1b-be6d-042028746c65,95b19357-9595-437f-85de-66d03bc60005,1,30,30,,,2026-06-03T03:45:22.543215+00:00
2022,May 26 2022,Bull Market Rhymes,https://www.oaktreecapital.com/insights/memo/bull-market-rhymes,success,ca60c2d6-c240-4c34-b6bd-0fbbcd7824fe,d226815b-8a61-4ab5-995b-a2fb23a8b674,1,25,25,,,2026-06-03T03:45:24.301998+00:00
2022,Mar 23 2022,The Pendulum in International Affairs,https://www.oaktreecapital.com/insights/memo/the-pendulum-in-international-affairs,success,95241a9e-6220-4732-8e2e-2b431fd8fea4,4d28da05-2615-4d93-993a-2226aa6fa5d9,1,16,16,,,2026-06-03T03:45:25.795652+00:00
2022,Jan 13 2022,Selling Out,https://www.oaktreecapital.com/insights/memo/selling-out,success,101b3175-9ba9-4e81-bf2e-b6433af19f00,a9b580ac-9258-49a7-b987-af99e1888d5e,1,20,20,,,2026-06-03T03:45:27.073998+00:00
2021,Nov 23 2021,The Winds of Change,https://www.oaktreecapital.com/insights/memo/the-winds-of-change,success,6fc35450-f452-44c5-89ce-a6d4cd47a2ed,00e8db8e-d916-4881-ac90-1a6eb6eb184d,1,35,35,,,2026-06-03T03:45:30.320425+00:00
2021,Jul 29 2021,Thinking About Macro,https://www.oaktreecapital.com/insights/memo/thinking-about-macro,success,ee1be516-758b-40a1-8c90-85dc1f61ddf4,0efa4c14-d394-4bf2-9592-4d20d431818d,1,30,30,,,2026-06-03T03:45:32.051021+00:00
2021,Mar 4 2021,2020 in Review,https://www.oaktreecapital.com/insights/memo/2020-in-review,success,59f1f2a1-9a53-4ed1-90c6-8a3873d59027,0b4f522b-0b30-49f9-a210-d52a7aa97cab,1,18,18,,,2026-06-03T03:45:33.630909+00:00
2021,Jan 11 2021,Something of Value,https://www.oaktreecapital.com/insights/memo/something-of-value,success,861e79ba-8a4b-4f7e-a7d9-da18bf665ea2,458938e0-0da7-44d6-a4fe-d075e486fe0d,1,40,40,,,2026-06-03T03:45:35.541621+00:00
2020,Oct 13 2020,Coming into Focus,https://www.oaktreecapital.com/insights/memo/coming-into-focus,success,825cf6a3-3c44-4b66-a248-d20426614a55,e55210e2-f4f8-4256-b79d-4b234adc93ea,1,35,35,,,2026-06-03T03:45:38.007894+00:00
2020,Aug 5 2020,Time for Thinking,https://www.oaktreecapital.com/docs/default-source/memos/timeforthinking.pdf?sfvrsn=17818c65_8,success,b3285fca-e7da-4c17-9aa6-8350bdbb4197,d84a0e13-0af3-421b-aef9-c168242cb7f3,1,146,146,,,2026-06-03T03:58:47.939180+00:00
2020,Jun 18 2020,The Anatomy of a Rally,https://www.oaktreecapital.com/docs/default-source/memos/the-anatomy-of-a-rally.pdf?sfvrsn=f5828c65_4,success,75463a40-0ecf-4a41-b7ac-228dfa6ff425,7b71291f-3c3a-4a52-91ef-c663dfce98d3,1,84,84,,,2026-06-03T03:59:56.492684+00:00
2020,Jun 11 2020,Not Enough,https://www.oaktreecapital.com/docs/default-source/memos/not-enough.pdf?sfvrsn=8f828c65_4,success,a1114049-d4a1-45cd-9a32-67ffec2fb3dc,247e2ef4-8fb2-402a-a658-c5990f95d60c,1,33,33,,,2026-06-03T04:00:21.514477+00:00
2020,May 28 2020,Uncertainty II,https://www.oaktreecapital.com/docs/default-source/memos/uncertainty-ii.pdf?sfvrsn=d48a65_8,success,560bacd5-c079-4805-8e60-f99fb6cdec15,b2376176-c952-4da8-b34b-3ba530dce75d,1,92,92,,,2026-06-03T04:01:20.881780+00:00
2020,May 11 2020,Uncertainty,https://www.oaktreecapital.com/docs/default-source/memos/uncertainty.pdf?sfvrsn=d913b465_28,success,2a7561eb-8204-4a4d-92dc-ec19d14fd592,83c367e2-8161-4a0b-bc38-5a503fb4958c,1,161,161,,,2026-06-03T04:03:04.666378+00:00
2020,Apr 14 2020,Knowledge of the Future,https://www.oaktreecapital.com/docs/default-source/memos/knowledge-of-the-future.pdf?sfvrsn=fa39b665_6,success,22a62002-9190-484d-a350-3b25b7b74646,95988984-6e56-4c50-abac-2187a5d5c4ff,1,112,112,,,2026-06-03T04:04:23.322906+00:00
2020,Apr 6 2020,Calibrating,https://www.oaktreecapital.com/docs/default-source/memos/calibrating.pdf?sfvrsn=3e98b665_6,success,f41c527a-5b12-41fd-9a5a-e9ce68c67a6a,150a4640-7aba-4d1a-b8fa-77eae3a29a18,1,102,102,,,2026-06-03T04:05:37.665840+00:00
2020,Mar 31 2020,Which Way Now?,https://www.oaktreecapital.com/docs/default-source/memos/which-way-now.pdf?sfvrsn=f5f4b765_8,success,2a486b48-9895-49ad-9790-8ca6d5a7af23,14fd235c-e7a1-4898-8f84-23572adaedce,1,95,95,,,2026-06-03T04:06:56.974162+00:00
2020,Mar 19 2020,Latest Update,https://www.oaktreecapital.com/docs/default-source/memos/weekly.pdf?sfvrsn=cbf3b065_8,success,412f4e80-3a57-491e-ab16-e84bc89ddad4,da4b592a-b2d2-43f9-9a70-55bd98678f9e,1,81,81,,,2026-06-03T04:07:54.636943+00:00
2020,Mar 3 2020,Nobody Knows II,https://www.oaktreecapital.com/docs/default-source/memos/nobody-knows-ii.pdf?sfvrsn=108eb165_8,success,77581082-458f-4090-8aaa-7544a2b1bc28,af4da7e3-3244-4a0b-a8fc-89f4a46dbc82,1,93,93,,,2026-06-03T04:09:06.420149+00:00
2020,Jan 13 2020,You Bet!,https://www.oaktreecapital.com/docs/default-source/memos/you-bet.pdf?sfvrsn=785dbe65_8,success,fdc4af0d-f9af-48cf-82d2-8b68775029d8,69ff2bcb-722d-40a8-a58d-da05ddb150b4,1,165,165,,,2026-06-03T04:11:13.422161+00:00
2019,Oct 17 2019,Mysterious,https://www.oaktreecapital.com/docs/default-source/memos/mysterious.pdf?sfvrsn=8a30a565_12,success,e53f586c-2747-474a-b851-9ed078e93d2c,e6b95032-339c-4e99-adc4-e77175334263,1,118,118,,,2026-06-03T04:12:35.388175+00:00
2019,Jul 26 2019,On the Other Hand,https://www.oaktreecapital.com/docs/default-source/memos/on-the-other-hand.pdf?sfvrsn=9b1a365_4,success,07f0a8ec-04bf-4816-8d14-35c10c46747d,6a8e35ae-7b92-4683-a006-b9bc07d937b4,1,119,119,,,2026-06-03T04:14:07.666715+00:00
2019,Jun 12 2019,This Time It's Different,https://www.oaktreecapital.com/docs/default-source/memos/this-time-its-different.pdf?sfvrsn=fc19af65_10,success,b7996fed-c576-40b6-9c3c-a5a01b002af8,93a976c4-2d94-4736-80d1-71a0cbc3efc1,1,158,158,,,2026-06-03T04:16:04.509824+00:00
2019,Apr 1 2019,Growing the Pie,https://www.oaktreecapital.com/docs/default-source/memos/growing-the-pie.pdf?sfvrsn=423fab65_8,success,b3aaede9-6896-461b-8641-b28e69feaad1,e3aec9e3-4be4-492c-960c-d19018b2a8ca,1,93,93,,,2026-06-03T04:17:14.160115+00:00
2019,Jan 30 2019,Political Reality Meets Economic Reality,https://www.oaktreecapital.com/docs/default-source/memos/political-reality-meets-economic-reality.pdf?sfvrsn=21c1d665_8,success,5d7830aa-aad5-42f8-876c-65168c71f65d,7f3320cb-6093-444e-8115-0bc252522635,1,203,203,,,2026-06-03T04:19:25.391647+00:00
2018,Sep 26 2018,The Seven Worst Words in the World,https://www.oaktreecapital.com/docs/default-source/memos/the-seven-worst-words-in-the-world.pdf?sfvrsn=6dc9dd65_4,success,3db375e8-81c7-4047-8c1a-90d1aef15fdc,6b6288a4-acf8-4e30-81aa-57865d894d6b,1,125,125,,,2026-06-03T04:21:09.901094+00:00
2018,Jun 18 2018,Investing Without People,https://www.oaktreecapital.com/docs/default-source/memos/investing-without-people.pdf?sfvrsn=7a5ec465_8,success,06830b1d-43ea-4417-b0aa-7128a8eb3499,13c68e61-ed45-40e9-a2f0-13d84e9df388,1,216,216,,,2026-06-03T04:23:39.133390+00:00
2018,Jan 23 2018,Latest Thinking,https://www.oaktreecapital.com/docs/default-source/memos/latest-thinking.pdf?sfvrsn=a77ccf65_2,success,d707acb2-d086-4ba4-8ce1-9b9aea3671e4,dd430954-d287-49c2-9a27-45bf6b229eb5,1,120,120,,,2026-06-03T04:25:25.736647+00:00
2017,Sep 7 2017,Yet Again?,https://www.oaktreecapital.com/docs/default-source/memos/yet-again.pdf?sfvrsn=3767f765_6,success,78e2bea6-45fe-4c1d-8a4a-a84d54c97468,62912781-b951-48c9-bc43-c86bf7fb49ee,1,147,147,,,2026-06-03T04:27:09.256798+00:00
2017,Jul 26 2017,There They Go Again... Again,https://www.oaktreecapital.com/docs/default-source/memos/there-they-go-again-again.pdf?sfvrsn=56d4f265_6,success,cd715c03-8335-4ef1-a1e4-a5f38a51b482,0d15085a-dc8f-481c-9a7a-df49ad14df4d,1,291,291,,,2026-06-03T04:30:20.642500+00:00
2017,Apr 18 2017,Lines in the Sand,https://www.oaktreecapital.com/docs/default-source/memos/lines-in-the-sand.pdf?sfvrsn=bf5dfa65_2,success,c0595423-ce0f-4ac8-b809-5cebd7579cba,509ae6b4-fc3f-4f10-90b7-1d541824cccd,1,84,84,,,2026-06-03T04:31:28.955875+00:00
2017,Jan 10 2017,Expert Opinion,https://www.oaktreecapital.com/docs/default-source/memos/expert-opinion.pdf?sfvrsn=ccffe365_4,success,9e1544d5-19ba-4278-b40a-823f8bec64fd,c89ad9b9-8e23-4551-a1e9-926a51628411,1,173,173,,,2026-06-03T04:33:16.776462+00:00
2016,Nov 14 2016,Go Figure!,https://www.oaktreecapital.com/docs/default-source/memos/go-figure.pdf?sfvrsn=ef38e965_7,success,b9f83e16-ee40-40af-9eaa-9e53d72d49b5,6da38877-6721-4237-babb-7d486682f14c,1,128,128,,,2026-06-03T04:34:47.061640+00:00
2016,Nov 7 2016,Implications of the Election,https://www.oaktreecapital.com/docs/default-source/memos/implications-of-the-election_11716.pdf?sfvrsn=1389e965_4,success,aac9ca10-25dc-405c-8719-827310696d44,ec906570-e912-4e1b-909d-5250a1dd1977,1,143,143,,,2026-06-03T04:36:38.123078+00:00
2016,Aug 17 2016,Political Reality,https://www.oaktreecapital.com/docs/default-source/memos/political-reality.pdf?sfvrsn=39391265_2,success,817049c5-ab41-4d28-b6be-02f690ee8ae1,4297ccb7-989b-4d86-b545-b1cc352e6eff,1,195,195,,,2026-06-03T04:39:23.634569+00:00
2016,May 26 2016,Economic Reality,https://www.oaktreecapital.com/docs/default-source/memos/economic-reality.pdf?sfvrsn=49bc1865_6,success,faf619dd-2f16-43bb-a3dd-fae8bced09e0,2824d677-66e0-493f-bb70-f21fde2d60b0,1,187,187,,,2026-06-03T04:41:42.763066+00:00
2016,Jan 19 2016,What Does the Market Know?,https://www.oaktreecapital.com/docs/default-source/memos/what-does-the-market-know.pdf?sfvrsn=cb7a0165_10,success,f17b66a2-eebf-44c5-a5ef-52548d3c7a77,a9240506-6598-4534-833a-d8487930c6fc,1,100,100,,,2026-06-03T04:42:59.921860+00:00
2016,Jan 14 2016,On the Couch,https://www.oaktreecapital.com/docs/default-source/memos/on-the-couch.pdf?sfvrsn=8a1e0165_7,success,b41207a4-a3c9-42df-8656-196c67c5df84,db4fa9d5-a442-41a7-b182-b6d12942b8f9,1,185,185,,,2026-06-03T04:45:25.448997+00:00
2015,Oct 22 2015,Inspiration from the World of Sports,https://www.oaktreecapital.com/docs/default-source/memos/2015-10-22-inspiration-from-the-world-of-sports.pdf?sfvrsn=aa1f0e65_7,success,9a9d535e-a498-41a2-a029-08642fd0d13f,3d5702d5-e721-4273-9425-aa68b5a49f1a,1,107,107,,,2026-06-03T04:46:56.616607+00:00
2015,Sep 9 2015,It's not Easy,https://www.oaktreecapital.com/docs/default-source/memos/2015-09-09-its-not-easy.pdf?sfvrsn=47bb0f65_7,success,8c86ae30-9390-45bf-bf60-f98b2a171945,c3dceea2-9d06-4f2c-97d1-3cd1a6994ba3,1,156,156,,,2026-06-03T04:49:07.521806+00:00
2015,Jun 8 2015,Risk Revisited Again,https://www.oaktreecapital.com/docs/default-source/memos/2015-06-08-risk-revisited-again.pdf?sfvrsn=7bb70f65_8,success,8849ceae-644b-442b-9b9e-794d36b797b7,8fcc542c-64c6-4e27-8bc3-b399e3777e09,1,210,210,,,2026-06-03T04:52:23.147754+00:00
2015,Mar 25 2015,Liquidity,https://www.oaktreecapital.com/docs/default-source/memos/2015-03-25-liquidity.pdf?sfvrsn=2dc70f65_6,success,65c1d7ad-71c1-4fe2-a7e7-f83af064c200,a4ebc735-08eb-4391-9b9e-6d27c231f37e,1,129,129,,,2026-06-03T04:54:10.273981+00:00
2014,Dec 18 2014,The Lessons of Oil,https://www.oaktreecapital.com/docs/default-source/memos/2014-12-18-the-lessons-of-oil.pdf?sfvrsn=40b60f65_6,success,c0fdd4ff-c109-4fa5-9c04-f9ebfca0ddbb,3b90f748-7d0b-43e7-9f2e-d3260c4fcf24,1,66,66,,,2026-06-03T04:55:13.075609+00:00
2014,Sep 3 2014,Risk Revisited,https://www.oaktreecapital.com/docs/default-source/memos/2014-09-03-risk-revisited.pdf?sfvrsn=78b60f65_6,success,7c940367-3d58-410d-903d-bb9b7c0649ad,b2b03ffd-4dd9-4cf0-b5fc-4dda722179cd,1,176,176,,,2026-06-03T04:57:49.407165+00:00
2014,Apr 8 2014,Dare to Be Great II,https://www.oaktreecapital.com/docs/default-source/memos/2014-04-08-dare-to-be-great-ii.pdf?sfvrsn=44b60f65_6,success,b1c317de-f446-4bc5-a388-d98ee0420b95,4f9e9781-7fbe-486d-b4c7-bca845aef778,1,100,100,,,2026-06-03T04:59:13.842616+00:00
2014,Jan 16 2014,Getting Lucky,https://www.oaktreecapital.com/docs/default-source/memos/2014-01-16-getting-lucky.pdf?sfvrsn=c4b70f65_6,success,47592bba-82cf-4846-a275-d05cbed7b73a,d7d7fac8-e3d5-4796-8bfc-709e30e1ca80,1,140,140,,,2026-06-03T05:01:10.673164+00:00
2013,Nov 26 2013,The Race Is On,https://www.oaktreecapital.com/docs/default-source/memos/2013-11-26-the-race-is-on.pdf?sfvrsn=77bb0f65_6,success,121e09ab-9f23-43df-9d18-ff059c4604e5,c4dbab71-b7f5-46b7-a965-c103979696b1,1,98,98,,,2026-06-03T05:02:28.404599+00:00
2013,Aug 5 2013,The Role of Confidence,https://www.oaktreecapital.com/docs/default-source/memos/2013-08-05-the-role-of-confidence.pdf?sfvrsn=7bbb0f65_6,success,3dc81b6b-47db-4ddd-8a49-5a3c87673991,7ccc02b1-4d7a-47a0-9a20-eab1c9a8c244,1,134,134,,,2026-06-03T05:04:08.681370+00:00
2013,Mar 13 2013,The Outlook For Equities,https://www.oaktreecapital.com/docs/default-source/memos/2013-03-13-the-outlook-for-equities.pdf?sfvrsn=6fbb0f65_6,success,f257e096-500e-4f7a-90a7-d8cb773094ad,551f4665-9068-451f-944d-25d7a2885336,1,151,151,,,2026-06-03T05:05:34.485165+00:00
2013,Feb 21 2013,High Yield Bonds Today,https://www.oaktreecapital.com/docs/default-source/memos/2013-02-21-high-yield-bonds-today.pdf?sfvrsn=63bb0f65_6,success,76967b5c-e91a-4b06-b021-81385dd72880,9372821b-c4e1-47e2-ada3-b37818196b38,1,30,30,,,2026-06-03T05:06:06.095205+00:00
2013,Jan 7 2013,Ditto,https://www.oaktreecapital.com/docs/default-source/memos/2013-01-07-ditto.pdf?sfvrsn=73bb0f65_6,success,e108d663-67cf-40b7-9d72-2baf9b550fbe,4b983514-3d51-4f59-a283-e2cf51bfc85f,1,130,130,,,2026-06-03T05:07:47.662404+00:00
2012,Nov 19 2012,A Fresh Start (Hopefully),https://www.oaktreecapital.com/docs/default-source/memos/2012-11-09-a-fresh-start-hopefully.pdf?sfvrsn=1bbb0f65_5,success,968e7c61-a763-4f3c-8d93-9da7ce8fa77b,034a84f4-36f4-4a9c-b42b-f1c4c2918a73,1,102,102,,,2026-06-03T05:09:04.567191+00:00
2012,Sep 11 2012,On Uncertain Ground,https://www.oaktreecapital.com/docs/default-source/memos/2012-09-11-on-uncertain-ground.pdf?sfvrsn=1fbb0f65_8,success,5d149195-c2c8-4a08-8dea-638acd54405a,f44ce59e-5e2b-4453-bfae-5f2130219f38,1,147,147,,,2026-06-03T05:11:12.962127+00:00
2012,Jun 20 2012,It's All A Big Mistake,https://www.oaktreecapital.com/docs/default-source/memos/2012-06-20-its-all-a-big-mistake.pdf?sfvrsn=17bb0f65_6,success,b117f44e-3883-4e8c-a206-551328707b5d,c0034d0b-13a4-4e6b-b3bb-08f03f2cecd7,1,123,123,,,2026-06-03T05:12:32.415521+00:00
2012,Mar 19 2012,Déjà Vu All Over Again,https://www.oaktreecapital.com/docs/default-source/memos/2012-03-19-déjà-vu-all-over-again.pdf?sfvrsn=bbb0f65_6,success,1da2b5a1-030f-4225-919a-94c5e2831106,ca97c68b-e27e-4038-af73-e60f5ad67f77,1,194,194,,,2026-06-03T05:14:04.456628+00:00
2012,Feb 15 2012,Assessing Performance Records A Case Study,https://www.oaktreecapital.com/docs/default-source/memos/2012-02-15-assessing-performance-records-a-case-study.pdf?sfvrsn=6bbb0f65_6,success,1eccccd0-9e28-46db-9929-3bb7e1ebba89,e06bc2ab-92df-4a69-adef-ff8057a3c357,1,83,83,,,2026-06-03T05:15:07.717317+00:00
2012,Jan 10 2012,What Can We Do For You?,https://www.oaktreecapital.com/docs/default-source/memos/2012-01-10-what-can-we-do-for-you.pdf?sfvrsn=7fbb0f65_8,success,0c909b38-6076-407b-b492-c709e0f4735c,384b62d0-9265-4f87-9680-33e0ea1537aa,1,120,120,,,2026-06-03T05:16:33.104591+00:00
2011,Nov 16 2011,It's All Very Taxing,https://www.oaktreecapital.com/docs/default-source/memos/2011-11-16-its-all-very-taxing.pdf?sfvrsn=3bbb0f65_6,success,24867e52-a3db-42d9-81a2-9bbf83b4f144,56b7d306-a27c-4c4a-93a8-e2d676c38456,1,213,213,,,2026-06-03T05:18:55.950500+00:00
2011,Sep 7 2011,What's Behind the Downturn?,https://www.oaktreecapital.com/docs/default-source/memos/2011-09-07-whats-behind-the-downturn.pdf?sfvrsn=13bb0f65_6,success,5ef6939c-583e-4abe-a5c8-070c2f87196c,a97ebc54-7b13-4fe2-9c87-d1c93cf65f35,1,134,134,,,2026-06-03T05:20:33.624287+00:00
2011,Jul 21 2011,Down to the Wire,https://www.oaktreecapital.com/docs/default-source/memos/2011-07-21-down-to-the-wire.pdf?sfvrsn=3fbb0f65_6,success,3b6733b5-2585-4ef3-9354-ee90a5d8f3b7,c1657da4-3b9c-4fe8-a277-a2117a5b58fb,1,130,130,,,2026-06-03T05:22:07.997420+00:00
2011,May 25 2011,How Quickly They Forget,https://www.oaktreecapital.com/docs/default-source/memos/2011-05-25-how-quickly-they-forget.pdf?sfvrsn=33bb0f65_6,success,2df2eea0-fa3a-467f-b2a1-e0c0eee60820,979ec58a-36b4-4b45-b0be-c53db9dd99e1,1,149,149,,,2026-06-03T05:24:12.430417+00:00
2011,Mar 2 2011,On Regulation,https://www.oaktreecapital.com/docs/default-source/memos/2011-03-02-on-regulation.pdf?sfvrsn=37bb0f65_6,success,5c4db43c-0230-4981-9585-6649b7850bb2,acb4decb-c452-4091-ac27-1457212d7254,1,102,102,,,2026-06-03T05:25:22.213799+00:00
2010,Dec 17 2010,All That Glitters,https://www.oaktreecapital.com/docs/default-source/memos/2010-12-17-all-that-glitters.pdf?sfvrsn=3bb0f65_6,success,6d1c3345-5411-4928-b73c-552ce4ae68fd,868d832f-0d58-4770-9735-37fd90bf0c81,1,123,123,,,2026-06-03T05:26:51.751472+00:00
2010,Dec 1 2010,Open and Shut,https://www.oaktreecapital.com/docs/default-source/memos/2010-12-01-open-and-shut.pdf?sfvrsn=67bb0f65_6,success,6b09a9b9-b81b-4c24-86f6-5294ba3181b9,dad5cdc1-463c-47d4-a24b-d0f7f8e5c593,1,75,75,,,2026-06-03T05:27:56.437842+00:00
2010,Sep 10 2010,Hemlines,https://www.oaktreecapital.com/docs/default-source/memos/2010-09-10-hemlines.pdf?sfvrsn=7bb0f65_6,success,b92552fe-9e30-42f4-94c5-e60c2d6dafc3,5bbe8e14-89e3-4c7c-bd94-438f550aaf18,1,95,95,,,2026-06-03T05:29:29.694139+00:00
2010,Jul 19 2010,It's Greek to Me,https://www.oaktreecapital.com/docs/default-source/memos/2010-07-19-its-greek-to-me.pdf?sfvrsn=27bb0f65_6,success,d90476f6-a100-47ff-9bae-6641cdd0d63c,44cb09b1-9c83-43c2-b570-4560e72c676f,1,146,146,,,2026-06-03T05:31:52.145001+00:00
2010,May 12 2010,Warning Flags,https://www.oaktreecapital.com/docs/default-source/memos/2010-05-12-warning-flags.pdf?sfvrsn=dfbc0f65_6,success,a9eec39f-4953-41bf-b440-5d0403dff336,1e7ee402-d576-40a3-b08d-5fb36adb788c,1,113,113,,,2026-06-03T05:33:28.020683+00:00
2010,Mar 17 2010,I'd Rather Be Wrong,https://www.oaktreecapital.com/docs/default-source/memos/2010-03-17-id-rather-be-wrong.pdf?sfvrsn=fbb0f65_6,success,ae907019-f51c-44ab-a977-104e9726b2e3,d0a26fbf-1f2d-4f70-a43c-34061ec1eb19,1,57,57,,,2026-06-03T05:34:15.140766+00:00
2010,Jan 22 2010,Tell Me I'm Wrong,https://www.oaktreecapital.com/docs/default-source/memos/2010-01-22-tell-me-im-wrong.pdf?sfvrsn=2bbb0f65_6,success,b59acf85-8603-4c36-81da-e934bf0bbfd1,5e2f27c9-a446-4963-994d-d893439d9209,1,131,131,,,2026-06-03T05:35:58.556274+00:00
2009,Nov 10 2009,Touchstones,https://www.oaktreecapital.com/docs/default-source/memos/2009-11-10-touchstones.pdf?sfvrsn=2fbb0f65_6,success,03ed0e22-66e7-45a4-af61-96dc29994a38,393c9589-7731-463f-9a23-242c3df3cb1b,1,120,120,,,2026-06-03T05:37:48.299289+00:00
2009,Jul 8 2009,So Much That's False and Nutty,https://www.oaktreecapital.com/docs/default-source/memos/2009-07-08-so-much-thats-false-nutty.pdf?sfvrsn=23bb0f65_6,success,4ad1dadb-f67e-4c09-8358-94f5a117f09b,b4d44adf-d3c5-45e9-a4f1-61b598469cec,1,102,102,,,2026-06-03T05:39:57.793925+00:00
2009,Mar 5 2009,Will It Work?,https://www.oaktreecapital.com/docs/default-source/memos/2009-03-05-will-it-work.pdf?sfvrsn=dbbc0f65_8,success,044de9f6-5d9b-44ed-a2b0-7f931760233f,19995f6f-065c-417d-a8dd-ece92c26cca3,1,81,81,,,2026-06-03T05:41:26.338270+00:00
2009,Jan 9 2009,The Long View,https://www.oaktreecapital.com/docs/default-source/memos/2009-01-09-the-long-view.pdf?sfvrsn=c3bc0f65_6,success,ff64db4e-4d2b-47a0-a256-498c51ee8a10,f94b578d-873b-47e2-957d-443d7f00f3f4,1,130,130,,,2026-06-03T05:43:46.151699+00:00
2008,Dec 17 2008,Volatility + Leverage = Dynamite,https://www.oaktreecapital.com/docs/default-source/memos/2008-12-17-volatility-leverage-dynamite.pdf?sfvrsn=c7bc0f65_6,success,139caf34-274b-4410-a357-1800053af99f,391c4f50-9e3f-4984-b00f-1be72e544360,1,96,96,,,2026-06-03T05:45:20.974397+00:00
2008,Oct 15 2008,The Limits to Negativism,https://www.oaktreecapital.com/docs/default-source/memos/2008-10-15-the-limits-to-negativism.pdf?sfvrsn=fbbc0f65_6,success,459ba2a8-502d-49cc-8f7b-26a5a83acb57,c61c759a-7678-4120-9d1b-7d360a50cba8,1,84,84,,,2026-06-03T05:46:33.331737+00:00
2008,Sep 24 2008,Plan B,https://www.oaktreecapital.com/docs/default-source/memos/2008-09-24-plan-b.pdf?sfvrsn=ffbc0f65_6,success,351267d1-351c-4469-8256-51a06333bd6b,1393edfd-5bd9-49e9-bdfe-a34794b202af,1,78,78,,,2026-06-03T05:47:41.753617+00:00
2008,Sep 19 2008,Nobody Knows,https://www.oaktreecapital.com/docs/default-source/memos/2008-09-19-nobody-knows.pdf?sfvrsn=cbbc0f65_6,success,b129cb8e-118c-49ec-bcd1-e36bc224d0b0,d8c71672-18ef-4c31-9cbb-8eb37414f2ff,1,69,69,,,2026-06-03T05:48:39.025586+00:00
2008,Aug 28 2008,What Worries Me,https://www.oaktreecapital.com/docs/default-source/memos/2008-08-28-what-worries-me.pdf?sfvrsn=f7bc0f65_6,success,7f377268-f1ea-4211-9759-04f694a4b608,6f8a55e2-2543-4660-ad98-563e9f25d290,1,146,146,,,2026-06-03T05:50:49.089848+00:00
2008,Jul 31 2008,Doesn't Make Sense,https://www.oaktreecapital.com/docs/default-source/memos/2008-07-31-doesnt-make-sense.pdf?sfvrsn=ebbc0f65_6,success,bc56c20e-0061-49e6-bd59-0dc37e8d4dcf,ba1c8fc3-61aa-4000-a060-aecca314bf70,1,109,109,,,2026-06-03T05:52:23.862966+00:00
2008,May 16 2008,The Aviary,https://www.oaktreecapital.com/docs/default-source/memos/2008-05-16-the-aviary.pdf?sfvrsn=efbc0f65_6,success,5edf9bed-1c30-4034-94ac-ad462f94994a,61912e26-ebf0-439c-b6d3-60ff5d9c6888,1,125,125,,,2026-06-03T05:54:21.667459+00:00
2008,Mar 18 2008,The Tide Goes Out,https://www.oaktreecapital.com/docs/default-source/memos/2008-03-18-the-tide-goes-out.pdf?sfvrsn=e3bc0f65_6,success,a0ea598b-fbb1-4d6a-9e12-9f2c134c5b89,5810526e-f637-41cc-b313-2f13c35bfa91,1,107,107,,,2026-06-03T05:56:04.816645+00:00
2008,Feb 20 2008,Whodunit,https://www.oaktreecapital.com/docs/default-source/memos/2008-02-20-whodunit.pdf?sfvrsn=e7bc0f65_6,success,1c8bba3f-e0bd-4ef9-b5bd-e155b0dd16ad,56cfd577-49de-4005-988b-3a336a82fc8f,1,95,95,,,2026-06-03T05:57:52.483752+00:00
2008,Jan 10 2008,Now What?,https://www.oaktreecapital.com/docs/default-source/memos/2008-01-10-now-what.pdf?sfvrsn=d7bc0f65_6,success,1c517233-8bf2-4e62-a961-9ede0eca99ec,46d9ec36-65f2-4c26-8562-5326bef0caf8,1,95,95,,,2026-06-03T05:59:43.485886+00:00
2007,Dec 17 2007,No Different This Time – The Lessons of '07,https://www.oaktreecapital.com/docs/default-source/memos/2007-12-17-no-different-this-time-the-lessons-of-07.pdf?sfvrsn=f3bc0f65_6,success,fd748fba-9523-43ab-b8c3-91654dcb263b,d393e3cc-7262-4b11-a563-20e7c252a263,1,78,78,,,2026-06-03T06:01:18.749467+00:00
2007,Sep 10 2007,Now It's All Bad?,https://www.oaktreecapital.com/docs/default-source/memos/2007-09-10-now-its-all-bad.pdf?sfvrsn=9fbc0f65_6,success,a4aecde0-aa23-4d5c-a5a8-d74c02b7a84e,bccb658f-bdc2-4828-93ab-ebb4c20d6488,1,110,110,,,2026-06-03T06:03:08.926251+00:00
2007,Jul 30 2007,It's All Good . . . Really?,https://www.oaktreecapital.com/docs/default-source/memos/2007-07-30-its-all-good-really.pdf?sfvrsn=97bc0f65_6,success,162e838a-a378-4427-9c36-0959f9cacc0a,71ff829e-4833-49f0-baa8-a39803b8c7fe,1,74,74,,,2026-06-03T06:04:22.963433+00:00
2007,Jul 16 2007,It's All Good,https://www.oaktreecapital.com/docs/default-source/memos/2007-07-16-its-all-good.pdf?sfvrsn=8fbc0f65_6,success,b9cc0252-092f-49e7-83d7-b09f6a4271bf,46891b4c-43e0-483f-8dd9-a0bc657d6822,1,127,127,,,2026-06-03T06:06:18.534077+00:00
2007,Apr 26 2007,Everyone Knows,https://www.oaktreecapital.com/docs/default-source/memos/2007-04-26-everyone-knows.pdf?sfvrsn=d3bc0f65_6,success,37408e33-e198-4975-a4ec-b31767d10ed3,3d5ba03f-4ea8-4695-a55d-7707b61789ae,1,85,85,,,2026-06-03T06:07:44.933911+00:00
2007,Feb 14 2007,The Race to the Bottom,https://www.oaktreecapital.com/docs/default-source/memos/2007-02-14-the-race-to-the-bottom.pdf?sfvrsn=9bbc0f65_6,success,132afe62-01d6-4f5e-a1ad-7222441d17e1,efe14c6b-fd37-432c-a8ac-694bcdbd59ff,1,69,69,,,2026-06-03T06:09:02.914784+00:00
2006,Dec 7 2006,Pigweed,https://www.oaktreecapital.com/docs/default-source/memos/2006-12-07-pigweed.pdf?sfvrsn=bbbc0f65_6,success,665eee51-f45a-450a-bb5a-8e99c0ed395c,0b51ab92-38f6-4858-a831-056d0c89575f,1,112,112,,,2026-06-03T06:10:55.762344+00:00
2006,Oct 19 2006,The New Paradigm,https://www.oaktreecapital.com/docs/default-source/memos/2006-10-19-the-new-paradigm.pdf?sfvrsn=8bbc0f65_6,success,4472eb3f-3dc6-4707-bbf1-aa42f45d6abd,afbff61a-5221-4492-a60f-3d9885bfa903,1,95,95,,,2026-06-03T06:12:36.374294+00:00
2006,Sep 7 2006,Dare to Be Great,https://www.oaktreecapital.com/docs/default-source/memos/2006-09-07-dare-to-be-great.pdf?sfvrsn=b3bc0f65_6,success,1922df52-ec1d-4500-84ca-b19096444987,a162f894-905e-4acc-a21d-f029f09c0cd4,1,118,118,,,2026-06-03T06:14:25.983882+00:00
2006,Jul 12 2006,You Can't Eat IRR,https://www.oaktreecapital.com/docs/default-source/memos/2006-07-12-you-cant-eat-irr.pdf?sfvrsn=83bc0f65_6,success,a92f7219-2951-46d0-8aa1-bf3750b1fbd2,f76f241c-cdfb-48d1-ab47-3fd3a36ca288,1,137,137,,,2026-06-03T06:16:46.374577+00:00
2006,Jun 13 2006,Returns Absolute Returns and Risk,https://www.oaktreecapital.com/docs/default-source/memos/2006-06-13-returns-absolute-returns-and-risk.pdf?sfvrsn=b7bc0f65_6,success,db8bf001-1fe4-4735-ac51-9b2a05efa3d9,27242764-8b42-4d3b-97a8-fb9edeb0ac63,1,97,97,,,2026-06-03T06:19:01.823594+00:00
2006,Mar 27 2006,It Is What It Is,https://www.oaktreecapital.com/docs/default-source/memos/2006-03-27-it-is-what-it-is.pdf?sfvrsn=87bc0f65_6,success,1a33ad4a-675d-48ba-b1c7-144e1519a52a,7f157003-8ec2-4fc2-baa0-ea322a6fa487,1,64,64,,,2026-06-03T06:20:29.176664+00:00
2006,Jan 19 2006,Risk,https://www.oaktreecapital.com/docs/default-source/memos/2006-01-19-risk.pdf?sfvrsn=afbc0f65_6,success,32cf28a2-cb03-410c-a264-908420f498a9,f3593d99-c9df-4498-9e9c-28a1484a0f66,1,99,99,,,2026-06-03T07:42:59.741742+00:00
2005,Oct 17 2005,"Hindsight First, Please (or, What Were They Thinking?)",https://www.oaktreecapital.com/docs/default-source/memos/2005-10-17-hindsight-first-please-or-what-where-they-thinking.pdf?sfvrsn=93bc0f65_6,success,31052114-f6c9-4686-8bef-ed955dfd4699,a0c1b06b-33c8-4765-a9b7-0a9a5c75a2be,1,101,101,,,2026-06-03T07:45:11.370646+00:00
2005,Jun 6 2005,A Case in Point,https://www.oaktreecapital.com/docs/default-source/memos/2005-06-06-a-case-in-point.pdf?sfvrsn=a3bc0f65_6,success,e84e9de6-4005-47ca-9b77-3175d1d3d176,aa7e12b5-1373-4061-ae90-78edd583de28,1,54,54,,,2026-06-03T07:46:14.093509+00:00
2005,May 6 2005,There They Go Again,https://www.oaktreecapital.com/docs/default-source/memos/2005-05-06-there-they-go-again.pdf?sfvrsn=5bbc0f65_6,success,d55aee82-69ce-450e-b3b0-7800d70fa4f0,5b7c0374-0840-4cf5-8dcd-51d9220e0c39,1,76,76,,,2026-06-03T07:47:27.711033+00:00
2005,Apr 11 2005,Oaktree at Ten,https://www.oaktreecapital.com/docs/default-source/memos/2005-04-11-oaktree-at-ten.pdf?sfvrsn=5fbc0f65_6,success,5d83789c-00aa-4043-92a9-1676c4bce2ef,6e691b8e-3176-4b9e-9bed-fbd6934d5d3d,1,32,32,,,2026-06-03T07:48:09.495992+00:00
2004,Oct 27 2004,Risk and Return Today,https://www.oaktreecapital.com/docs/default-source/memos/2004-10-27-risk-and-return-today.pdf?sfvrsn=53bc0f65_6,success,1ea1cfb9-e742-4216-b11c-bea74df08a89,52d91a53-2751-46b0-b13a-091f6cf59d39,1,80,80,,,2026-06-03T07:49:06.847941+00:00
2004,Oct 6 2004,Hedge Funds: A Case for Caution,https://www.oaktreecapital.com/docs/default-source/memos/2004-10-06-hedge-funds-a-case-for-caution.pdf?sfvrsn=57bc0f65_6,success,a3290940-1e5c-4e07-92c6-0e3be30647b7,e5ef65ce-4cc2-45d0-ac23-8b42ae19f5fd,1,96,96,,,2026-06-03T07:50:53.048001+00:00
2004,Jul 20 2004,The Happy Medium,https://www.oaktreecapital.com/docs/default-source/memos/2004-07-21-the-happy-medium.pdf?sfvrsn=4bbc0f65_6,success,46523983-bbbd-4cf2-bfae-359a9301c446,f5cc82a2-9d84-4455-b3d0-f63c29a1d02d,1,97,97,,,2026-06-03T07:52:19.302104+00:00
2004,May 7 2004,Us and Them,https://www.oaktreecapital.com/docs/default-source/memos/2004-05-07-us-and-them.pdf?sfvrsn=bfbc0f65_6,success,ef326949-52c3-40a2-aa0d-9a43fa91ee08,fb6994fc-f93f-474c-b54d-9140dc08b32a,1,77,77,,,2026-06-03T07:53:27.589189+00:00
2004,Mar 16 2004,Hey Steward!!,https://www.oaktreecapital.com/docs/default-source/memos/2004-03-16-hey-steward!!.pdf?sfvrsn=a7bc0f65_6,success,6a043246-7e30-4ca5-9cb5-18efded2749f,90535927-d89f-4835-a8d7-bbda19e8d905,1,77,77,,,2026-06-03T07:54:49.285774+00:00
2003,Oct 2 2003,The Feeling's Mutual,https://www.oaktreecapital.com/docs/default-source/memos/2003-10-02-the-feelings-mutual.pdf?sfvrsn=47bc0f65_6,success,93f5a23d-879c-46c6-97fd-893cd2a2ea02,ef5aa960-7311-4484-9771-7b1744e379b5,1,63,63,,,2026-06-03T07:55:56.656711+00:00
2003,Sep 5 2003,What's Your Game Plan?,https://www.oaktreecapital.com/docs/default-source/memos/2003-09-05-whats-your-game-plan.pdf?sfvrsn=7bbc0f65_6,success,c71ee483-ba52-4ce6-9879-dffc675f3636,f4dae0cc-ce3e-43f5-9c5f-b30c0960583b,1,64,64,,,2026-06-03T07:56:55.881424+00:00
2003,Jul 1 2003,The Most Important Thing,https://www.oaktreecapital.com/docs/default-source/memos/2003-07-01-the-most-important-thing.pdf?sfvrsn=91c00f65_6,success,62759d56-b7d6-43bf-a665-e11fe4074343,7266515e-b19f-4a08-97b6-12c5ced699ac,1,114,114,,,2026-06-03T07:58:37.228913+00:00
2003,May 6 2003,What's Going On?,https://www.oaktreecapital.com/docs/default-source/memos/2003-05-16-whats-going-on.pdf?sfvrsn=73bc0f65_6,success,7eb90af1-00b2-4278-9fe4-b896d1577700,f9515de6-676d-4318-aca7-038878387593,1,65,65,,,2026-06-03T07:59:43.177629+00:00
2003,Mar 11 2003,Whad'Ya Know?,https://www.oaktreecapital.com/docs/default-source/memos/2003-03-11-whad-ya-know.pdf?sfvrsn=abbc0f65_6,success,9e538ac6-e388-466b-a387-8a83ccfb3ca1,5e7add74-61d7-471b-b0f1-0ee5d9691c96,1,142,142,,,2026-06-03T08:01:37.850412+00:00
2002,Nov 11 2002,Returns and How They Get That Way,https://www.oaktreecapital.com/docs/default-source/memos/2002-11-11-returns-and-how-they-get-that-way.pdf?sfvrsn=4fbc0f65_8,success,08fde2d2-a549-4629-9a4f-c5a2da18d5e6,3f110ae6-10e5-4a47-899f-88f0cf33f178,1,139,139,,,2026-06-03T08:03:24.443003+00:00
2002,Sep 4 2002,Etorre's Wisdom,https://www.oaktreecapital.com/docs/default-source/memos/2002-09-04-etorres-wisdom.pdf?sfvrsn=63bc0f65_6,success,7172d321-e819-4d0a-8dad-8c61598bdde8,7418f78d-2b46-4ccb-98b0-0fea66ae76b5,1,51,51,,,2026-06-03T08:04:05.900356+00:00
2002,Jul 26 2002,Quo Vadis?,https://www.oaktreecapital.com/docs/default-source/memos/2002-07-26-quo-vadis.pdf?sfvrsn=67bc0f65_6,success,9bd4083d-c697-4c70-a1fc-bf958cf5eae9,3af4252e-8927-4a14-bdde-21ebe816b67b,1,59,59,,,2026-06-03T08:05:09.773981+00:00
2002,May 31 2002,The Realist's Creed,https://www.oaktreecapital.com/docs/default-source/memos/2002-05-31-the-realists-creed.pdf?sfvrsn=1bbc0f65_5,success,7d5f9fb6-051f-43bb-b457-b49d9ddb65dd,6f99fa3a-c6d0-40eb-a416-233aea1c329b,1,83,83,,,2026-06-03T08:06:36.847385+00:00
2002,Mar 14 2002,Learning From Enron,https://www.oaktreecapital.com/docs/default-source/memos/2002-03-14-learning-from-enron.pdf?sfvrsn=77bc0f65_6,success,e060fbb6-de47-4869-a4bd-2756a35d680e,69415f53-81b7-483a-a41e-965250ad21a2,1,172,172,,,2026-06-03T08:09:07.685730+00:00
2001,Nov 20 2001,You Can't Predict. You Can Prepare.,https://www.oaktreecapital.com/docs/default-source/memos/2001-11-20-you-cant-predict-you-can-prepare.pdf?sfvrsn=bc00f65_6,success,9d705437-55d2-4dfc-bc90-241b03a40884,52d2d73a-8fbd-43b8-ac01-c051ef78f098,1,89,89,,,2026-06-03T08:10:51.355514+00:00
2001,Oct 4 2001,What Lies Ahead?,https://www.oaktreecapital.com/docs/default-source/memos/2001-10-04-what-lies-ahead.pdf?sfvrsn=bbc0f65_6,success,46e320af-ecbe-43c2-b3b8-062cd76f5465,a47af4e5-222c-4011-a3b4-61c36e32d801,1,64,64,,,2026-06-03T08:11:55.527127+00:00
2001,Sep 16 2001,Notes from New York,https://www.oaktreecapital.com/docs/default-source/memos/2001-09-16-notes-from-ny.pdf?sfvrsn=fbc0f65_6,success,040ca16c-27ca-4b66-9acc-c564b497428f,87f1ce8a-953f-4c5f-81e4-5511342d0eff,1,51,51,,,2026-06-03T08:12:49.435665+00:00
2001,Jul 11 2001,What's It All About Alpha?,https://www.oaktreecapital.com/docs/default-source/memos/2001-07-11-whats-it-all-about-alpha.pdf?sfvrsn=13bc0f65_6,success,33279b5a-e31a-4fff-899e-b27ca75276a7,f7d33ea0-d668-4255-9df6-46df70577a3e,1,74,74,,,2026-06-03T08:14:10.791465+00:00
2001,Apr 10 2001,Safety First . . . But Where?,https://www.oaktreecapital.com/docs/default-source/memos/2001-04-10-safety-first-but-where.pdf?sfvrsn=49c10f65_8,success,10a8da20-ec88-4cd1-8e9d-6a2c2a9aad18,d1781e8a-edfe-49fb-b8b6-2c0cd48a4e17,1,90,90,,,2026-06-03T08:15:34.366876+00:00
2000,Dec 31 2000,We're Not In 1999 Anymore Toto,https://www.oaktreecapital.com/docs/default-source/memos/2000-12-31-were-not-in-1999-anymore.pdf?sfvrsn=3bbc0f65_6,success,a4acfc05-ca4a-45f0-abfd-ff5cadfbf58e,20140138-0fc6-47e3-9876-aee0f10e3f40,1,72,72,,,2026-06-03T08:16:57.223703+00:00
2000,Nov 16 2000,Investment Miscellany,https://www.oaktreecapital.com/docs/default-source/memos/2000-11-16-investment-miscellany.pdf?sfvrsn=1fbc0f65_6,success,2b762e29-5aea-4992-ae8e-c812cc3de45f,ea11430f-7119-442d-abfe-44a0c5c1c3a6,1,40,40,,,2026-06-03T08:17:57.161562+00:00
2000,May 1 2000,Irrational Exuberance,https://www.oaktreecapital.com/docs/default-source/memos/2000-05-01-irrational-exuberance.pdf?sfvrsn=cfbc0f65_6,success,d67eb516-8493-42be-86e2-56e497fd6369,37e097fb-22e8-4614-9baf-8eeac67e61ad,1,81,81,,,2026-06-03T08:19:10.489304+00:00
2000,Jan 2 2000,bubble.com,https://www.oaktreecapital.com/docs/default-source/memos/2000-01-02-bubble.pdf?sfvrsn=37bc0f65_5,success,92bf9751-3800-4a15-be5e-f761f64f6325,17a27e37-fc6a-4059-8134-0da43a432696,1,116,116,,,2026-06-03T08:20:59.149220+00:00
1999,Apr 15 1999,How's the Market?,https://www.oaktreecapital.com/docs/default-source/memos/1999-04-15-hows-the-market.pdf?sfvrsn=3fbc0f65_6,success,3ed14bb6-8b44-4b54-91e4-efcc9b40093a,9203369d-998e-4cf5-a182-cb0632ce1b10,1,43,43,,,2026-06-03T08:21:31.657288+00:00
1998,Oct 9 1998,Genius Isn't Enough (and Other Lessons from Long-Term Capital Management),https://www.oaktreecapital.com/docs/default-source/memos/1998-10-09-genius-isn-39-t-enough.pdf?sfvrsn=eac20f65_6,success,315a036f-2cca-4ca4-ab2f-69d95341cd17,18ad054c-83f6-4987-847a-39c7f29b6c20,1,55,55,,,2026-06-03T08:22:38.158897+00:00
1998,Jan 8 1998,Who Knew?,https://www.oaktreecapital.com/docs/default-source/memos/1998-01-08-who-knew.pdf?sfvrsn=2fbc0f65_6,success,8e946cbe-67ad-4ec8-8e09-9833293bb2c7,421961fe-c67f-43ff-a8a3-08f67de1008f,1,35,35,,,2026-06-03T08:23:08.239478+00:00
1997,Sep 3 1997,Are You An Investor or a Speculator?,https://www.oaktreecapital.com/docs/default-source/memos/are-you-an-investor-or-a-speculator.pdf?sfvrsn=1e37cf65_2,success,067bbb84-24ba-44be-85b1-65b9e9957f77,76e7f8b3-b799-4fba-bcb6-7406d3bc6fd2,1,37,37,,,2026-06-03T08:23:52.365897+00:00
1996,Nov 25 1996,Will It Be Different This Time?,https://www.oaktreecapital.com/docs/default-source/memos/1996-11-25-will-it-be-different-this-time.pdf?sfvrsn=23bc0f65_6,success,8d14fdbd-bd0d-4eb8-9650-5773a59707b6,9fb2b4f0-bf56-44b5-8306-729965e91933,1,41,41,,,2026-06-03T08:24:33.159008+00:00
1996,Jul 22 1996,"The Value of Predictions II (or ""Give That Man a Cigar"")",https://www.oaktreecapital.com/docs/default-source/memos/1996-07-22-the-value-of-predictions-ii-or-give-that-man-a-cigar.pdf?sfvrsn=27bc0f65_8,success,026bbba2-0dc2-40b6-9065-740d96945402,d302af33-585c-4347-97ef-d484dc55f39a,1,43,43,,,2026-06-03T08:25:18.884987+00:00
1995,May 26 1995,How the Game Should Be Played,https://www.oaktreecapital.com/docs/default-source/memos/1995-05-26-how-the-game-should-be-played.pdf?sfvrsn=d3bd0f65_6,success,680b1f18-3471-4c9d-9eab-a9aabd12d0b6,cf1abbaf-d856-412f-bbd8-b42e4416aa44,1,26,26,,,2026-06-03T08:25:41.026734+00:00
1994,Jul 15 1994,How Does an Inefficient Market Get That Way?,https://www.oaktreecapital.com/docs/default-source/memos/1994-07-15-how-does-an-inefficient-market-get-that-way.pdf?sfvrsn=dbbd0f65_6,success,ad04cee4-1e50-49e5-b7bc-f6dcb5d048f5,38a66b18-697d-43dc-9942-7de7482a8f96,1,24,24,,,2026-06-03T08:26:02.718346+00:00
1994,Apr 11 1994,Risk in Today's Markets Revisited,https://www.oaktreecapital.com/docs/default-source/memos/1994-04-11-risk-in-todays-markets-revisted.pdf?sfvrsn=2bbc0f65_6,success,d11ea042-dc47-4533-85c3-79ae431d0805,872b0ce5-8dcd-4340-9678-7fa3e69ddce0,1,28,28,,,2026-06-03T08:26:48.207158+00:00
1994,Feb 17 1994,Risk in Today's Markets,https://www.oaktreecapital.com/docs/default-source/memos/1994-02-17-risk-in-todays-markets.pdf?sfvrsn=dfbd0f65_6,success,2af262f9-c506-4bc5-a0a5-566dc44156e5,dbda8795-2e0b-45aa-b4aa-2d3f7280400e,1,31,31,,,2026-06-03T08:27:24.660126+00:00
1994,Jan 24 1994,Random Thoughts on the Identification of Investment Opportunities,https://www.oaktreecapital.com/docs/default-source/memos/1994-01-24-random-thoughts-on-the-identification-of-inv-opportunities.pdf?sfvrsn=17bc0f65_6,success,d6006be4-16ee-423a-a89c-e2fbc289738c,3aca3f54-b42f-42b0-9c07-e9258c9c7787,1,27,27,,,2026-06-03T08:27:47.840063+00:00
1993,Feb 15 1993,"The Value of Predictions, or Where'd All This Rain Come From?",https://www.oaktreecapital.com/docs/default-source/memos/1993-02-15-the-value-of-predictions-or-where-39-d-all-this-rain-come-from.pdf?sfvrsn=6fbc0f65_6,success,abfe67d4-c046-435e-80ad-0d9f80e50229,cdd83d9c-698b-4ce4-aa79-3ea7ac08f614,1,75,75,,,2026-06-03T08:28:43.808020+00:00
1992,Oct 8 1992,Microeconomics 101: Supply Demand and Convertibles,https://www.oaktreecapital.com/docs/default-source/memos/1992-10-08-microeconomics.pdf?sfvrsn=43bc0f65_6,success,e062f7c8-0f42-4397-bb2d-ec4a413364de,48d6eae9-16fb-49c4-941e-d956842b85a4,1,26,26,,,2026-06-03T08:29:06.095558+00:00
1991,Apr 11 1991,First Quarter Performance,https://www.oaktreecapital.com/docs/default-source/memos/1991-04-11-first-quarter-client-performance.pdf?sfvrsn=d7bd0f65_6,success,e270feb9-7c7f-42c1-a854-45cafb447958,dddfaa4d-abd3-40e9-9a11-bed7b5a09cd5,1,18,18,,,2026-06-03T08:29:25.708650+00:00
1990,Oct 12 1990,The Route to Performance,https://www.oaktreecapital.com/docs/default-source/memos/1990-10-12-the-route-to-performance.pdf?sfvrsn=33bc0f65_6,success,21abbee2-8ed6-43de-9e5c-252e63067a0d,95f91a8f-b997-4c2b-8b05-0d2a32b2d417,1,25,25,,,2026-06-03T08:29:45.275494+00:00
